BEGIN;

INSERT INTO workspaces (id, name, slug, created_at, updated_at)
VALUES
    ('11111111-1111-1111-1111-111111111111', 'Northstar Supply Co', 'northstar-supply-co', NOW() - INTERVAL '180 days', NOW() - INTERVAL '2 days');

INSERT INTO users (id, workspace_id, name, email, password_hash, role, is_active, created_at, updated_at)
VALUES
    ('21111111-1111-1111-1111-111111111111', '11111111-1111-1111-1111-111111111111', 'Ayesha Rahman', 'owner@northstar.example', '$pbkdf2-sha256$29000$EuK8l9K6V4rxPgdAaO3dWw$YImbA.bbKklfjZMGW6nOVQ4giwLukbdaqc/O82TaC8M', 'owner', TRUE, NOW() - INTERVAL '180 days', NOW() - INTERVAL '2 days'),
    ('22222222-2222-2222-2222-222222222222', '11111111-1111-1111-1111-111111111111', 'Nadia Ahmed', 'ops@northstar.example', '$pbkdf2-sha256$29000$Uirl/L.3dg5BiBEiZCzlfA$ZxMbQB6K9BYm/jlf51V9SXCtoqgfm5BYbN5BA9HKt7w', 'member', TRUE, NOW() - INTERVAL '150 days', NOW() - INTERVAL '1 day');

INSERT INTO categories (id, workspace_id, name, description, created_at, updated_at)
VALUES
    ('31111111-1111-1111-1111-111111111111', '11111111-1111-1111-1111-111111111111', 'Networking', 'Routers, switches, and network accessories', NOW() - INTERVAL '170 days', NOW() - INTERVAL '5 days'),
    ('32222222-2222-2222-2222-222222222222', '11111111-1111-1111-1111-111111111111', 'Peripherals', 'Monitors, keyboards, mice, and workstation accessories', NOW() - INTERVAL '170 days', NOW() - INTERVAL '5 days'),
    ('33333333-3333-3333-3333-333333333333', '11111111-1111-1111-1111-111111111111', 'Power', 'UPS units, adapters, and power accessories', NOW() - INTERVAL '170 days', NOW() - INTERVAL '5 days');

INSERT INTO warehouses (id, workspace_id, name, code, address_line1, city, state_region, postal_code, country, status, created_at, updated_at)
VALUES
    ('41111111-1111-1111-1111-111111111111', '11111111-1111-1111-1111-111111111111', 'Dhaka Central Warehouse', 'DHK-CEN', '25 Industrial Avenue', 'Dhaka', 'Dhaka', '1208', 'Bangladesh', 'active', NOW() - INTERVAL '160 days', NOW() - INTERVAL '2 days'),
    ('42222222-2222-2222-2222-222222222222', '11111111-1111-1111-1111-111111111111', 'Chattogram Fulfillment Hub', 'CTG-FUL', '48 Port Link Road', 'Chattogram', 'Chattogram', '4100', 'Bangladesh', 'active', NOW() - INTERVAL '150 days', NOW() - INTERVAL '3 days'),
    ('43333333-3333-3333-3333-333333333333', '11111111-1111-1111-1111-111111111111', 'Sylhet Overflow Storage', 'SYL-OVR', '11 Storage Park', 'Sylhet', 'Sylhet', '3100', 'Bangladesh', 'inactive', NOW() - INTERVAL '120 days', NOW() - INTERVAL '20 days');

INSERT INTO suppliers (id, workspace_id, name, contact_name, email, phone, address, status, notes, created_at, updated_at)
VALUES
    ('51111111-1111-1111-1111-111111111111', '11111111-1111-1111-1111-111111111111', 'ByteBridge Distributors', 'Sadia Karim', 'sales@bytebridge.example', '+8801700000001', 'Tejgaon Commercial Area, Dhaka', 'active', 'Primary network hardware supplier', NOW() - INTERVAL '160 days', NOW() - INTERVAL '3 days'),
    ('52222222-2222-2222-2222-222222222222', '11111111-1111-1111-1111-111111111111', 'CorePeak Electronics', 'Imran Chowdhury', 'ops@corepeak.example', '+8801700000002', 'Agrabad, Chattogram', 'active', 'Preferred monitor and peripheral supplier', NOW() - INTERVAL '150 days', NOW() - INTERVAL '6 days'),
    ('53333333-3333-3333-3333-333333333333', '11111111-1111-1111-1111-111111111111', 'GridLine Power Systems', 'Farhana Rahman', 'support@gridline.example', '+8801700000003', 'Banani, Dhaka', 'active', 'Power equipment supplier', NOW() - INTERVAL '145 days', NOW() - INTERVAL '4 days');

INSERT INTO products (id, workspace_id, category_id, name, sku, description, unit, reorder_point, reorder_quantity, status, created_by, created_at, updated_at)
VALUES
    ('61111111-1111-1111-1111-111111111111', '11111111-1111-1111-1111-111111111111', '31111111-1111-1111-1111-111111111111', 'EdgeRouter Pro X', 'NET-EDGE-PRO-X', 'Enterprise edge router for branch deployments', 'each', 12, 40, 'active', '21111111-1111-1111-1111-111111111111', NOW() - INTERVAL '140 days', NOW() - INTERVAL '2 days'),
    ('62222222-2222-2222-2222-222222222222', '11111111-1111-1111-1111-111111111111', '31111111-1111-1111-1111-111111111111', 'StackSwitch 24G', 'NET-SW-24G', '24-port managed gigabit switch', 'each', 20, 60, 'active', '21111111-1111-1111-1111-111111111111', NOW() - INTERVAL '138 days', NOW() - INTERVAL '2 days'),
    ('63333333-3333-3333-3333-333333333333', '11111111-1111-1111-1111-111111111111', '32222222-2222-2222-2222-222222222222', 'VisionView 27 Monitor', 'PER-MON-27', '27 inch QHD business monitor', 'each', 15, 50, 'active', '22222222-2222-2222-2222-222222222222', NOW() - INTERVAL '136 days', NOW() - INTERVAL '1 day'),
    ('64444444-4444-4444-4444-444444444444', '11111111-1111-1111-1111-111111111111', '32222222-2222-2222-2222-222222222222', 'QuietType Mechanical Keyboard', 'PER-KB-MECH', 'Low-noise mechanical keyboard for office use', 'each', 30, 80, 'active', '22222222-2222-2222-2222-222222222222', NOW() - INTERVAL '132 days', NOW() - INTERVAL '1 day'),
    ('65555555-5555-5555-5555-555555555555', '11111111-1111-1111-1111-111111111111', '33333333-3333-3333-3333-333333333333', 'PowerSafe 1500 UPS', 'PWR-UPS-1500', 'Line interactive UPS for small offices', 'each', 8, 24, 'active', '21111111-1111-1111-1111-111111111111', NOW() - INTERVAL '128 days', NOW() - INTERVAL '1 day'),
    ('66666666-6666-6666-6666-666666666666', '11111111-1111-1111-1111-111111111111', '32222222-2222-2222-2222-222222222222', 'TravelDock USB-C Hub', 'PER-DOCK-USBC', 'Portable USB-C dock for hybrid teams', 'each', 18, 70, 'active', '22222222-2222-2222-2222-222222222222', NOW() - INTERVAL '120 days', NOW() - INTERVAL '12 hours');

INSERT INTO supplier_products (id, workspace_id, supplier_id, product_id, supplier_sku, lead_time_days, minimum_order_quantity, unit_cost, is_preferred, created_at, updated_at)
VALUES
    ('71111111-1111-1111-1111-111111111111', '11111111-1111-1111-1111-111111111111', '51111111-1111-1111-1111-111111111111', '61111111-1111-1111-1111-111111111111', 'BB-ERPX', 10, 5, 420.00, TRUE, NOW() - INTERVAL '135 days', NOW() - INTERVAL '5 days'),
    ('72222222-2222-2222-2222-222222222222', '11111111-1111-1111-1111-111111111111', '51111111-1111-1111-1111-111111111111', '62222222-2222-2222-2222-222222222222', 'BB-SS24G', 8, 10, 155.00, TRUE, NOW() - INTERVAL '135 days', NOW() - INTERVAL '5 days'),
    ('73333333-3333-3333-3333-333333333333', '11111111-1111-1111-1111-111111111111', '52222222-2222-2222-2222-222222222222', '63333333-3333-3333-3333-333333333333', 'CP-VV27', 14, 6, 185.00, TRUE, NOW() - INTERVAL '130 days', NOW() - INTERVAL '4 days'),
    ('74444444-4444-4444-4444-444444444444', '11111111-1111-1111-1111-111111111111', '52222222-2222-2222-2222-222222222222', '64444444-4444-4444-4444-444444444444', 'CP-QTMK', 7, 20, 42.00, TRUE, NOW() - INTERVAL '128 days', NOW() - INTERVAL '4 days'),
    ('75555555-5555-5555-5555-555555555555', '11111111-1111-1111-1111-111111111111', '53333333-3333-3333-3333-333333333333', '65555555-5555-5555-5555-555555555555', 'GL-PS1500', 12, 4, 210.00, TRUE, NOW() - INTERVAL '124 days', NOW() - INTERVAL '2 days'),
    ('76666666-6666-6666-6666-666666666666', '11111111-1111-1111-1111-111111111111', '52222222-2222-2222-2222-222222222222', '66666666-6666-6666-6666-666666666666', 'CP-TDUSBC', 9, 15, 32.00, TRUE, NOW() - INTERVAL '118 days', NOW() - INTERVAL '2 days');

INSERT INTO inventory_balances (id, workspace_id, product_id, warehouse_id, on_hand_quantity, reserved_quantity, created_at, updated_at)
VALUES
    ('81111111-1111-1111-1111-111111111111', '11111111-1111-1111-1111-111111111111', '61111111-1111-1111-1111-111111111111', '41111111-1111-1111-1111-111111111111', 24, 4, NOW() - INTERVAL '110 days', NOW() - INTERVAL '2 hours'),
    ('82222222-2222-2222-2222-222222222222', '11111111-1111-1111-1111-111111111111', '61111111-1111-1111-1111-111111111111', '42222222-2222-2222-2222-222222222222', 6, 1, NOW() - INTERVAL '90 days', NOW() - INTERVAL '1 day'),
    ('83333333-3333-3333-3333-333333333333', '11111111-1111-1111-1111-111111111111', '62222222-2222-2222-2222-222222222222', '41111111-1111-1111-1111-111111111111', 58, 8, NOW() - INTERVAL '110 days', NOW() - INTERVAL '3 hours'),
    ('84444444-4444-4444-4444-444444444444', '11111111-1111-1111-1111-111111111111', '62222222-2222-2222-2222-222222222222', '42222222-2222-2222-2222-222222222222', 16, 0, NOW() - INTERVAL '95 days', NOW() - INTERVAL '2 days'),
    ('85555555-5555-5555-5555-555555555555', '11111111-1111-1111-1111-111111111111', '63333333-3333-3333-3333-333333333333', '41111111-1111-1111-1111-111111111111', 18, 6, NOW() - INTERVAL '100 days', NOW() - INTERVAL '4 hours'),
    ('86666666-6666-6666-6666-666666666666', '11111111-1111-1111-1111-111111111111', '63333333-3333-3333-3333-333333333333', '42222222-2222-2222-2222-222222222222', 39, 3, NOW() - INTERVAL '88 days', NOW() - INTERVAL '6 hours'),
    ('87777777-7777-7777-7777-777777777777', '11111111-1111-1111-1111-111111111111', '64444444-4444-4444-4444-444444444444', '41111111-1111-1111-1111-111111111111', 44, 5, NOW() - INTERVAL '105 days', NOW() - INTERVAL '5 hours'),
    ('88888888-8888-8888-8888-888888888888', '11111111-1111-1111-1111-111111111111', '64444444-4444-4444-4444-444444444444', '42222222-2222-2222-2222-222222222222', 12, 1, NOW() - INTERVAL '85 days', NOW() - INTERVAL '1 day'),
    ('89999999-9999-9999-9999-999999999999', '11111111-1111-1111-1111-111111111111', '65555555-5555-5555-5555-555555555555', '41111111-1111-1111-1111-111111111111', 7, 1, NOW() - INTERVAL '100 days', NOW() - INTERVAL '8 hours'),
    ('8bbbbbbb-bbbb-bbbb-bbbb-bbbbbbbbbbbb', '11111111-1111-1111-1111-111111111111', '66666666-6666-6666-6666-666666666666', '41111111-1111-1111-1111-111111111111', 0, 0, NOW() - INTERVAL '72 days', NOW() - INTERVAL '12 hours'),
    ('8aaaaaaa-aaaa-aaaa-aaaa-aaaaaaaaaaaa', '11111111-1111-1111-1111-111111111111', '66666666-6666-6666-6666-666666666666', '42222222-2222-2222-2222-222222222222', 14, 2, NOW() - INTERVAL '72 days', NOW() - INTERVAL '12 hours');

INSERT INTO orders (id, workspace_id, order_number, order_type, status, warehouse_id, supplier_id, customer_name, notes, subtotal_amount, created_by, confirmed_at, processed_at, shipped_at, completed_at, cancelled_at, created_at, updated_at)
VALUES
    ('91111111-1111-1111-1111-111111111111', '11111111-1111-1111-1111-111111111111', 'SO-2026-0001', 'sales', 'completed', '41111111-1111-1111-1111-111111111111', NULL, 'Acme Retail Ltd', 'Completed city rollout order', 3360.00, '22222222-2222-2222-2222-222222222222', NOW() - INTERVAL '35 days', NOW() - INTERVAL '34 days', NOW() - INTERVAL '33 days', NOW() - INTERVAL '32 days', NULL, NOW() - INTERVAL '36 days', NOW() - INTERVAL '32 days'),
    ('92222222-2222-2222-2222-222222222222', '11111111-1111-1111-1111-111111111111', 'SO-2026-0002', 'sales', 'processing', '41111111-1111-1111-1111-111111111111', NULL, 'Metro Office Systems', 'Reserved stock for branch expansion', 2190.00, '22222222-2222-2222-2222-222222222222', NOW() - INTERVAL '3 days', NOW() - INTERVAL '2 days', NULL, NULL, NULL, NOW() - INTERVAL '4 days', NOW() - INTERVAL '2 days'),
    ('93333333-3333-3333-3333-333333333333', '11111111-1111-1111-1111-111111111111', 'PO-2026-0001', 'purchase', 'completed', '42222222-2222-2222-2222-222222222222', '52222222-2222-2222-2222-222222222222', NULL, 'Monitor replenishment for Q2 demand', 5550.00, '21111111-1111-1111-1111-111111111111', NOW() - INTERVAL '22 days', NOW() - INTERVAL '20 days', NULL, NOW() - INTERVAL '18 days', NULL, NOW() - INTERVAL '23 days', NOW() - INTERVAL '18 days'),
    ('94444444-4444-4444-4444-444444444444', '11111111-1111-1111-1111-111111111111', 'PO-2026-0002', 'purchase', 'confirmed', '41111111-1111-1111-1111-111111111111', '53333333-3333-3333-3333-333333333333', NULL, 'UPS replenishment for corporate clients', 5040.00, '21111111-1111-1111-1111-111111111111', NOW() - INTERVAL '2 days', NULL, NULL, NULL, NULL, NOW() - INTERVAL '3 days', NOW() - INTERVAL '2 days'),
    ('95555555-5555-5555-5555-555555555555', '11111111-1111-1111-1111-111111111111', 'SO-2026-0003', 'sales', 'draft', '42222222-2222-2222-2222-222222222222', NULL, 'Delta Workspace Studio', 'Draft order pending customer approval', 1540.00, '22222222-2222-2222-2222-222222222222', NULL, NULL, NULL, NULL, NULL, NOW() - INTERVAL '8 hours', NOW() - INTERVAL '8 hours');

INSERT INTO order_items (id, workspace_id, order_id, product_id, quantity, unit_price, unit_cost, line_total, created_at, updated_at)
VALUES
    ('a1111111-1111-1111-1111-111111111111', '11111111-1111-1111-1111-111111111111', '91111111-1111-1111-1111-111111111111', '61111111-1111-1111-1111-111111111111', 4, 560.00, NULL, 2240.00, NOW() - INTERVAL '36 days', NOW() - INTERVAL '36 days'),
    ('a2222222-2222-2222-2222-222222222222', '11111111-1111-1111-1111-111111111111', '91111111-1111-1111-1111-111111111111', '62222222-2222-2222-2222-222222222222', 8, 140.00, NULL, 1120.00, NOW() - INTERVAL '36 days', NOW() - INTERVAL '36 days'),
    ('a3333333-3333-3333-3333-333333333333', '11111111-1111-1111-1111-111111111111', '92222222-2222-2222-2222-222222222222', '63333333-3333-3333-3333-333333333333', 6, 245.00, NULL, 1470.00, NOW() - INTERVAL '4 days', NOW() - INTERVAL '4 days'),
    ('a4444444-4444-4444-4444-444444444444', '11111111-1111-1111-1111-111111111111', '92222222-2222-2222-2222-222222222222', '64444444-4444-4444-4444-444444444444', 12, 60.00, NULL, 720.00, NOW() - INTERVAL '4 days', NOW() - INTERVAL '4 days'),
    ('a5555555-5555-5555-5555-555555555555', '11111111-1111-1111-1111-111111111111', '93333333-3333-3333-3333-333333333333', '63333333-3333-3333-3333-333333333333', 30, NULL, 185.00, 5550.00, NOW() - INTERVAL '23 days', NOW() - INTERVAL '23 days'),
    ('a6666666-6666-6666-6666-666666666666', '11111111-1111-1111-1111-111111111111', '94444444-4444-4444-4444-444444444444', '65555555-5555-5555-5555-555555555555', 24, NULL, 210.00, 5040.00, NOW() - INTERVAL '3 days', NOW() - INTERVAL '3 days'),
    ('a7777777-7777-7777-7777-777777777777', '11111111-1111-1111-1111-111111111111', '95555555-5555-5555-5555-555555555555', '66666666-6666-6666-6666-666666666666', 20, 77.00, NULL, 1540.00, NOW() - INTERVAL '8 hours', NOW() - INTERVAL '8 hours');

INSERT INTO inventory_movements (id, workspace_id, product_id, warehouse_id, destination_warehouse_id, movement_type, quantity, quantity_before, quantity_after, reason, reference_type, reference_id, notes, created_by, created_at)
VALUES
    ('b1111111-1111-1111-1111-111111111111', '11111111-1111-1111-1111-111111111111', '61111111-1111-1111-1111-111111111111', '41111111-1111-1111-1111-111111111111', NULL, 'stock_in', 30, 0, 30, 'initial_stock', 'manual', NULL, 'Initial router stock load', '21111111-1111-1111-1111-111111111111', NOW() - INTERVAL '110 days'),
    ('b2222222-2222-2222-2222-222222222222', '11111111-1111-1111-1111-111111111111', '62222222-2222-2222-2222-222222222222', '41111111-1111-1111-1111-111111111111', NULL, 'stock_in', 70, 0, 70, 'initial_stock', 'manual', NULL, 'Initial switch stock load', '21111111-1111-1111-1111-111111111111', NOW() - INTERVAL '110 days'),
    ('b3333333-3333-3333-3333-333333333333', '11111111-1111-1111-1111-111111111111', '63333333-3333-3333-3333-333333333333', '42222222-2222-2222-2222-222222222222', NULL, 'stock_in', 30, 9, 39, 'purchase_order_receipt', 'order', '93333333-3333-3333-3333-333333333333', 'Purchase order receipt for monitors', '21111111-1111-1111-1111-111111111111', NOW() - INTERVAL '18 days'),
    ('b4444444-4444-4444-4444-444444444444', '11111111-1111-1111-1111-111111111111', '61111111-1111-1111-1111-111111111111', '41111111-1111-1111-1111-111111111111', NULL, 'order_deduction', 4, 28, 24, 'sales_order_shipment', 'order', '91111111-1111-1111-1111-111111111111', 'Shipment for SO-2026-0001', '22222222-2222-2222-2222-222222222222', NOW() - INTERVAL '33 days'),
    ('b5555555-5555-5555-5555-555555555555', '11111111-1111-1111-1111-111111111111', '62222222-2222-2222-2222-222222222222', '41111111-1111-1111-1111-111111111111', NULL, 'order_deduction', 8, 66, 58, 'sales_order_shipment', 'order', '91111111-1111-1111-1111-111111111111', 'Shipment for SO-2026-0001', '22222222-2222-2222-2222-222222222222', NOW() - INTERVAL '33 days'),
    ('b6666666-6666-6666-6666-666666666666', '11111111-1111-1111-1111-111111111111', '63333333-3333-3333-3333-333333333333', '41111111-1111-1111-1111-111111111111', NULL, 'reservation', 6, 0, 6, 'sales_order_confirmation', 'order', '92222222-2222-2222-2222-222222222222', 'Reserved stock for SO-2026-0002', '22222222-2222-2222-2222-222222222222', NOW() - INTERVAL '3 days'),
    ('b7777777-7777-7777-7777-777777777777', '11111111-1111-1111-1111-111111111111', '64444444-4444-4444-4444-444444444444', '41111111-1111-1111-1111-111111111111', NULL, 'reservation', 12, 0, 12, 'sales_order_confirmation', 'order', '92222222-2222-2222-2222-222222222222', 'Reserved stock for SO-2026-0002', '22222222-2222-2222-2222-222222222222', NOW() - INTERVAL '3 days'),
    ('b8888888-8888-8888-8888-888888888888', '11111111-1111-1111-1111-111111111111', '65555555-5555-5555-5555-555555555555', '41111111-1111-1111-1111-111111111111', NULL, 'stock_out', 1, 8, 7, 'damaged_goods', 'manual', NULL, 'Damaged UPS removed after inspection', '21111111-1111-1111-1111-111111111111', NOW() - INTERVAL '6 days'),
    ('b9999999-9999-9999-9999-999999999999', '11111111-1111-1111-1111-111111111111', '66666666-6666-6666-6666-666666666666', '41111111-1111-1111-1111-111111111111', '42222222-2222-2222-2222-222222222222', 'transfer_out', 10, 10, 0, 'warehouse_rebalancing', 'manual', NULL, 'Rebalanced USB-C hubs to Chattogram hub', '21111111-1111-1111-1111-111111111111', NOW() - INTERVAL '14 days'),
    ('baaaaaaa-aaaa-aaaa-aaaa-aaaaaaaaaaaa', '11111111-1111-1111-1111-111111111111', '66666666-6666-6666-6666-666666666666', '42222222-2222-2222-2222-222222222222', '41111111-1111-1111-1111-111111111111', 'transfer_in', 10, 4, 14, 'warehouse_rebalancing', 'manual', NULL, 'Received USB-C hubs from Dhaka warehouse', '21111111-1111-1111-1111-111111111111', NOW() - INTERVAL '14 days');

INSERT INTO alerts (id, workspace_id, alert_type, severity, status, product_id, warehouse_id, order_id, title, message, metadata, resolved_by, resolved_at, created_at, updated_at)
VALUES
    ('c1111111-1111-1111-1111-111111111111', '11111111-1111-1111-1111-111111111111', 'low_stock', 'critical', 'open', '61111111-1111-1111-1111-111111111111', '42222222-2222-2222-2222-222222222222', NULL, 'Router stock below threshold in Chattogram', 'Available stock for EdgeRouter Pro X is below reorder point in Chattogram Fulfillment Hub.', '{"available_quantity":5,"reorder_point":12}'::jsonb, NULL, NULL, NOW() - INTERVAL '1 day', NOW() - INTERVAL '1 day'),
    ('c2222222-2222-2222-2222-222222222222', '11111111-1111-1111-1111-111111111111', 'low_stock', 'warning', 'open', '65555555-5555-5555-5555-555555555555', '41111111-1111-1111-1111-111111111111', NULL, 'UPS stock approaching reorder point', 'Available stock for PowerSafe 1500 UPS is near depletion in Dhaka Central Warehouse.', '{"available_quantity":6,"reorder_point":8}'::jsonb, NULL, NULL, NOW() - INTERVAL '8 hours', NOW() - INTERVAL '8 hours'),
    ('c3333333-3333-3333-3333-333333333333', '11111111-1111-1111-1111-111111111111', 'stuck_processing', 'warning', 'open', NULL, '41111111-1111-1111-1111-111111111111', '92222222-2222-2222-2222-222222222222', 'Sales order still processing', 'SO-2026-0002 has been in processing for more than 48 hours.', '{"days_in_status":2}'::jsonb, NULL, NULL, NOW() - INTERVAL '2 hours', NOW() - INTERVAL '2 hours');

INSERT INTO activity_logs (id, workspace_id, actor_user_id, action, entity_type, entity_id, summary, metadata, created_at)
VALUES
    ('d1111111-1111-1111-1111-111111111111', '11111111-1111-1111-1111-111111111111', '21111111-1111-1111-1111-111111111111', 'workspace.created', 'workspace', '11111111-1111-1111-1111-111111111111', 'Workspace Northstar Supply Co was created', '{"workspace_slug":"northstar-supply-co"}'::jsonb, NOW() - INTERVAL '180 days'),
    ('d2222222-2222-2222-2222-222222222222', '11111111-1111-1111-1111-111111111111', '21111111-1111-1111-1111-111111111111', 'product.created', 'product', '61111111-1111-1111-1111-111111111111', 'Created product EdgeRouter Pro X', '{"sku":"NET-EDGE-PRO-X"}'::jsonb, NOW() - INTERVAL '140 days'),
    ('d3333333-3333-3333-3333-333333333333', '11111111-1111-1111-1111-111111111111', '21111111-1111-1111-1111-111111111111', 'inventory.stock_in', 'inventory_movement', 'b1111111-1111-1111-1111-111111111111', 'Added 30 units of EdgeRouter Pro X to Dhaka Central Warehouse', '{"product_id":"61111111-1111-1111-1111-111111111111","warehouse_id":"41111111-1111-1111-1111-111111111111","quantity":30}'::jsonb, NOW() - INTERVAL '110 days'),
    ('d4444444-4444-4444-4444-444444444444', '11111111-1111-1111-1111-111111111111', '22222222-2222-2222-2222-222222222222', 'order.confirmed', 'order', '92222222-2222-2222-2222-222222222222', 'Confirmed sales order SO-2026-0002', '{"order_number":"SO-2026-0002"}'::jsonb, NOW() - INTERVAL '3 days'),
    ('d5555555-5555-5555-5555-555555555555', '11111111-1111-1111-1111-111111111111', '22222222-2222-2222-2222-222222222222', 'inventory.reservation', 'order', '92222222-2222-2222-2222-222222222222', 'Reserved stock for sales order SO-2026-0002', '{"items_reserved":2}'::jsonb, NOW() - INTERVAL '3 days'),
    ('d6666666-6666-6666-6666-666666666666', '11111111-1111-1111-1111-111111111111', '21111111-1111-1111-1111-111111111111', 'inventory.stock_out', 'inventory_movement', 'b8888888-8888-8888-8888-888888888888', 'Removed 1 damaged PowerSafe 1500 UPS from Dhaka Central Warehouse', '{"product_id":"65555555-5555-5555-5555-555555555555","quantity":1}'::jsonb, NOW() - INTERVAL '6 days'),
    ('d7777777-7777-7777-7777-777777777777', '11111111-1111-1111-1111-111111111111', '21111111-1111-1111-1111-111111111111', 'alert.created', 'alert', 'c1111111-1111-1111-1111-111111111111', 'Created low-stock alert for EdgeRouter Pro X in Chattogram', '{"alert_type":"low_stock"}'::jsonb, NOW() - INTERVAL '1 day');

COMMIT;
